,MAE,RMSE,R2,MAPE_%
linear,0.6766239210501545,0.8526631731795128,0.9834594571202964,1.2910858140553838
rf,1.7218533909457936,2.1969132304089953,0.8901953944960397,3.3240729166549965
